Name,Price,Ratings
N/A,N/A,N/A
N/A,N/A,N/A
N/A,N/A,N/A
"APPLE iPhone 13 (Midnight, 128 GB)","₹52,999",4.6
"APPLE iPhone 15 Pro (Natural Titanium, 128 GB)","₹1,30,990",4.7
"APPLE iPhone 15 Pro (Blue Titanium, 128 GB)","₹1,30,990",4.7
"APPLE iPhone 11 (Black, 64 GB)","₹43,900",4.6
"APPLE iPhone 13 (Pink, 128 GB)","₹52,999",4.6
"APPLE iPhone 15 Plus (Pink, 256 GB)","₹92,999",4.7
"APPLE iPhone 15 Pro (Black Titanium, 256 GB)","₹1,40,990",4.7
"APPLE iPhone 15 (Pink, 256 GB)","₹82,999",4.6
"APPLE iPhone 15 Pro (White Titanium, 128 GB)","₹1,30,990",4.7
"APPLE iPhone 14 (Purple, 256 GB)","₹68,999",4.6
"APPLE iPhone 15 Pro Max (Natural Titanium, 256 GB)","₹1,56,900",4.7
"APPLE iPhone 15 (Blue, 256 GB)","₹82,999",4.6
"APPLE iPhone 15 Pro (Black Titanium, 128 GB)","₹1,30,990",4.7
"APPLE iPhone 14 (Midnight, 256 GB)","₹68,999",4.6
"APPLE iPhone 15 Pro Max (Natural Titanium, 1 TB)","₹1,96,900",4.7
"APPLE iPhone 15 Plus (Yellow, 128 GB)","₹82,999",4.7
"APPLE iPhone 15 Pro (White Titanium, 256 GB)","₹1,40,990",4.7
"APPLE iPhone 15 Pro Max (White Titanium, 256 GB)","₹1,56,900",4.7
"APPLE iPhone 15 Pro Max (Black Titanium, 256 GB)","₹1,56,900",4.7
"APPLE iPhone 15 Pro (Blue Titanium, 256 GB)","₹1,40,990",4.7
"APPLE iPhone 12 (White, 256 GB)","₹63,999",4.6
"APPLE iPhone 14 ((PRODUCT)RED, 512 GB)","₹88,999",4.6
"APPLE iPhone 15 Pro Max (Blue Titanium, 256 GB)","₹1,56,900",4.7
"APPLE iPhone 15 Pro (Natural Titanium, 256 GB)","₹1,40,990",4.7
N/A,N/A,N/A
N/A,N/A,N/A
N/A,"₹92,999",N/A
N/A,N/A,N/A
